<?xml version="1.0"?> <!-- -*- sgml -*- -->
<!DOCTYPE refentry PUBLIC "-//OASIS//DTD DocBook XML V4.5//EN"
          "http://www.oasis-open.org/docbook/xml/4.5/docbookx.dtd"
[ <!ENTITY % vg-entities SYSTEM "../../docs/xml/vg-entities.xml"> %vg-entities; ]>


<refentry id="cg_merge">

<refmeta>
  <refentrytitle>cg_merge</refentrytitle>
  <manvolnum>1</manvolnum>
  <refmiscinfo class="version">Release &rel-version;</refmiscinfo>
</refmeta>

<refnamediv>
  <refname>cg_merge</refname>
  <refpurpose>(deprecated) merges multiple Cachegrind output files into one</refpurpose>
</refnamediv>

<refsynopsisdiv>
<cmdsynopsis>
  <command>cg_merge</command>
  <arg><replaceable>options</replaceable></arg>
  <arg choice="opt" rep="repeat"><replaceable>cachegrind-out-files</replaceable></arg>
</cmdsynopsis>
</refsynopsisdiv>


<refsect1 id="cg_merge-description">
<title>Description</title>

<para>
<command>cg_merge</command> sums together multiple Cachegrind output files into
a single Cachegrind output file. It is deprecated because
<command>cg_annotate</command> can now do much the same thing, but better.
</para>

</refsect1>



<refsect1 id="cg_merge-options">
<title>Options</title>

<xi:include href="cg-manual.xml" xpointer="cg_merge.opts.list"
            xmlns:xi="http://www.w3.org/2001/XInclude" />

</refsect1>




<refsect1 id="cg_merge-see_also">
<title>See Also</title>

<para>
cg_annotate(1), valgrind(1),
<filename>&vg-docs-path;</filename> or
<filename>&vg-docs-url;</filename>.
</para>

</refsect1>


<refsect1 id="cg_merge-author">
<title>Author</title>

<para>Nicholas Nethercote.</para>

</refsect1>


</refentry>


