<?xml version="1.0"?> <!-- -*- sgml -*- -->
<!DOCTYPE refentry PUBLIC "-//OASIS//DTD DocBook XML V4.5//EN"
          "http://www.oasis-open.org/docbook/xml/4.5/docbookx.dtd"
[ <!ENTITY % vg-entities SYSTEM "../../docs/xml/vg-entities.xml"> %vg-entities; ]>


<refentry id="listener">

<refmeta>
  <refentrytitle>valgrind-listener</refentrytitle>
  <manvolnum>1</manvolnum>
  <refmiscinfo class="version">Release &rel-version;</refmiscinfo>
</refmeta>

<refnamediv>
  <refname>valgrind-listener</refname>
  <refpurpose>listens on a socket for Valgrind commentary</refpurpose>
</refnamediv>

<refsynopsisdiv>
<cmdsynopsis>
  <command>valgrind-listener</command>
  <arg><replaceable>options</replaceable></arg>
</cmdsynopsis>
</refsynopsisdiv>


<refsect1 id="listener-description">
<title>Description</title>

<para><command>valgrind-listener</command> accepts (multiple) connections
from <command>valgrind</command> processes that use the
<option>--log-socket</option> option on the specified port and copies the
commentary it is sent to stdout.
</para>

</refsect1>



<refsect1 id="listener-options">
<title>Options</title>

<xi:include href="../../docs/xml/manual-core.xml" xpointer="listener.opts.list"
            xmlns:xi="http://www.w3.org/2001/XInclude" />

</refsect1>




<refsect1 id="listener-see_also">
<title>See Also</title>

<para>
valgrind(1),
<filename>&vg-docs-path;</filename> or
<filename>&vg-docs-url;</filename>.
</para>

</refsect1>


<refsect1 id="listener-author">
<title>Author</title>

<para>Julian Seward.</para>

</refsect1>


</refentry>


